Models,Accuracy

ResNet50,0.9854586124420166
VGG16Model,0.9102589178085327
CNNModel,0.8507002592086792
MobileNet,0.9805165529251099
